{"eval/answer_reward":0.1,"gen/answer_correct":290,"gen/filtered_size":264,"train/epoch":2.484848484848485,"train/loss":1.375,"eval/format_reward":0.392,"gen/format_correct":690,"train/avg_log_prob":-0.1474609375,"eval_step":4,"train_step":5,"_timestamp":1.7771335824831665e+09,"_wandb":{"runtime":180},"_runtime":119.838336705,"gen/accuracy":0.1416015625,"_step":11,"train/epoch_loss":1.6074810606060606,"gen/total_generated":2048,"eval/reward":0.1}