{"_runtime":153.192573694,"train/global_step":10,"_timestamp":1.7767810815436478e+09,"train/epoch_loss":7.5107421875,"train/epoch":2.5,"_wandb":{"runtime":153},"_step":10,"train/loss":8.6875,"train/avg_log_prob":-0.796875}