{"_runtime":19.276824864,"_step":2,"train/loss":19.25,"train/avg_log_prob":-0.71484375,"train/epoch":0.25,"train/global_step":2,"_wandb":{"runtime":19},"_timestamp":1.7767606115355377e+09}