{"_runtime":2163.057666479,"eval/answer_reward":0.57,"gen/total":1024,"train/epoch_loss":0.507059162016958,"train/epoch":2,"train/avg_kl_div":0.16061484813690186,"_step":68,"eval/reward":0.57,"train/distill_loss":0.5038115978240967,"eval_step":33,"gen/format_accuracy":0.7958984375,"_timestamp":1.7773790318099914e+09,"_wandb":{"runtime":2163},"gen/answer_accuracy":0.625,"train_step":32,"eval/format_reward":0.828}