{"train/epoch_loss":0.8363486842105263,"gen/filtered_size":149,"gen/accuracy":0.8055555555555556,"_timestamp":1.7771351077125819e+09,"gen/answer_correct":261,"eval_step":4,"train_step":3,"train/avg_log_prob":-0.1025390625,"_wandb":{"runtime":827},"_step":60,"train/epoch":3,"eval/reward":0.17,"gen/format_correct":302,"gen/total_generated":324,"eval/answer_reward":0.17,"train/loss":0.80078125,"eval/format_reward":0.55,"eval/accuracy":0.17,"_runtime":826.449306244}