{"_step":2,"train/loss":11.125,"train/avg_log_prob":-0.9140625,"train/epoch":0.5,"train/global_step":2,"_wandb":{"runtime":76},"_timestamp":1.7767794880708768e+09,"_runtime":76.846213805}