{"train/avg_kl_div":0.09488771110773087,"gen/answer_accuracy":0.41796875,"_wandb":{"runtime":3112},"eval/reward":0.242,"train_step":32,"train/epoch_loss":2.979531808756292,"_timestamp":1.7774271107519145e+09,"train/distill_loss":2.3797433376312256,"_step":68,"eval/format_reward":0.538,"gen/format_accuracy":0.6728515625,"gen/total":1024,"_runtime":3112.108924694,"train/epoch":2,"eval/answer_reward":0.242,"eval_step":33}