{"gen/filtered_size":282,"_runtime":1473.576319671,"eval_step":7,"train/avg_log_prob":-0.08447265625,"eval/reward":0.25,"_wandb":{"runtime":1474},"_timestamp":1.7771367754265828e+09,"train/epoch":3,"eval/answer_reward":0.25,"gen/format_correct":576,"eval/format_reward":0.696,"gen/answer_correct":482,"train_step":6,"eval/accuracy":0.25,"gen/total_generated":604,"_step":96,"train/epoch_loss":0.8194444444444444,"gen/accuracy":0.7980132450331126,"train/loss":0.95703125}