{"train/token_entropy":0.6617889404296875,"_wandb":{"runtime":122},"eval/answer_reward":0.4140625,"train/reward_std":0.4523732354125817,"train_step":1,"_runtime":116.842045112,"_timestamp":1.7776947119744549e+09,"train/format_reward":0.87109375,"epoch":0,"grpo_step":1,"train/loss":-0.04484000290176482,"eval_step":2,"train/answer_reward":0.28515625,"train/grad_norm":0.2119140625,"eval/reward":0.4140625,"_step":2,"eval/format_reward":0.9453125,"train/reward_mean":0.28515625}